id,first_name,last_name,email,gender,ip_address
1,Lillian,Daniels,ldaniels0@earthlink.net,Female,71.238.193.238
2,Gloria,Murray,gmurray1@mediafire.com,Female,218.100.212.64
3,Mildred,Lawson,mlawson2@hostgator.com,Female,147.126.221.108
4,Sara,Collins,scollins3@eepurl.com,Female,232.74.208.21
5,Fred,Palmer,fpalmer4@ihg.com,Male,99.165.205.227
6,Fred,Romero,fromero5@accuweather.com,Male,66.112.71.56
7,Alice,Gibson,agibson6@newyorker.com,Female,184.218.225.131
8,Shirley,Hart,shart7@e-recht24.de,Female,36.39.198.9
9,Amanda,Clark,aclark8@google.es,Female,250.51.4.224
10,Timothy,Owens,towens9@shareasale.com,Male,182.206.255.55
11,Gregory,Matthews,gmatthewsa@tumblr.com,Male,62.194.116.1
12,Janice,Simmons,jsimmonsb@yahoo.com,Female,227.80.213.198
13,Bonnie,Harvey,bharveyc@trellian.com,Female,141.190.122.9
14,Linda,Gilbert,lgilbertd@wsj.com,Female,13.158.69.121
15,Jean,Jacobs,jjacobse@deliciousdays.com,Female,228.133.108.222
16,Joan,Hudson,jhudsonf@zdnet.com,Female,99.42.218.138
17,Jeffrey,Fuller,jfullerg@issuu.com,Male,189.59.49.188
18,Kelly,Cooper,kcooperh@ted.com,Female,98.157.102.164
19,Rebecca,Williamson,rwilliamsoni@unicef.org,Female,146.124.20.112
20,Russell,Armstrong,rarmstrongj@rediff.com,Male,66.192.206.148
21,Clarence,Perry,cperryk@nationalgeographic.com,Male,60.197.98.201
22,Martha,Gordon,mgordonl@wisc.edu,Female,61.13.119.206
23,Teresa,Willis,twillism@miibeian.gov.cn,Female,244.242.121.147
24,Scott,Nichols,snicholsn@slideshare.net,Male,127.63.10.236
25,Judy,Allen,jalleno@shareasale.com,Female,175.49.203.92
26,Heather,Ford,hfordp@seattletimes.com,Female,115.100.43.142
27,Victor,Robertson,vrobertsonq@craigslist.org,Male,7.202.43.170
28,Stephanie,Cook,scookr@who.int,Female,221.70.108.70
29,Emily,Perry,eperrys@whitehouse.gov,Female,116.34.119.75
30,Lori,Bryant,lbryantt@mozilla.com,Female,101.101.181.239
31,Aaron,Perry,aperryu@fda.gov,Male,97.224.95.110
32,Carlos,Harvey,charveyv@jimdo.com,Male,11.8.19.118
33,Paul,Price,ppricew@utexas.edu,Male,98.61.191.229
34,Ralph,Morales,rmoralesx@tumblr.com,Male,134.157.167.20
35,Anne,Phillips,aphillipsy@freewebs.com,Female,150.5.89.233
36,Jerry,Hanson,jhansonz@devhub.com,Male,89.113.209.24
37,Carolyn,Allen,callen10@aol.com,Female,227.22.96.157
38,Ann,Brooks,abrooks11@hostgator.com,Female,26.72.78.32
39,Melissa,Jacobs,mjacobs12@ocn.ne.jp,Female,115.98.211.42
40,Laura,Brooks,lbrooks13@seesaa.net,Female,53.32.204.252
41,Christopher,Ramos,cramos14@skype.com,Male,215.114.62.152
42,Robert,Reyes,rreyes15@howstuffworks.com,Male,47.148.234.249
43,Laura,Martinez,lmartinez16@cam.ac.uk,Female,58.74.111.180
44,Lisa,Armstrong,larmstrong17@behance.net,Female,42.127.104.147
45,Daniel,Long,dlong18@dot.gov,Male,201.96.5.142
46,Judith,Rice,jrice19@ameblo.jp,Female,219.157.212.41
47,Steven,Morris,smorris1a@lulu.com,Male,159.3.134.183
48,Jessica,Martinez,jmartinez1b@github.io,Female,191.231.143.31
49,Kathleen,Berry,kberry1c@opensource.org,Female,134.68.34.75
50,Steven,Perez,sperez1d@acquirethisname.com,Male,229.210.56.10
51,Joan,Welch,jwelch1e@mit.edu,Female,242.223.207.73
52,Kathy,Robinson,krobinson1f@technorati.com,Female,66.15.205.97
53,Ashley,Greene,agreene1g@hostgator.com,Female,177.54.151.227
54,Mark,Rivera,mrivera1h@networksolutions.com,Male,247.174.90.226
55,Diana,Meyer,dmeyer1i@ox.ac.uk,Female,180.190.240.113
56,Lawrence,Flores,lflores1j@adobe.com,Male,181.229.54.209
57,Donna,Hunt,dhunt1k@issuu.com,Female,107.14.225.59
58,Christopher,Jones,cjones1l@dmoz.org,Male,173.152.19.39
59,Todd,Knight,tknight1m@surveymonkey.com,Male,253.221.29.178
60,Rachel,Graham,rgraham1n@sitemeter.com,Female,239.247.181.66
61,Harry,Hughes,hhughes1o@de.vu,Male,190.13.128.173
62,Anne,Murphy,amurphy1p@ftc.gov,Female,10.144.164.237
63,Rose,Williamson,rwilliamson1q@zimbio.com,Female,252.157.68.216
64,Arthur,Morales,amorales1r@simplemachines.org,Male,181.230.6.249
65,Ryan,Gordon,rgordon1s@wsj.com,Male,39.139.1.215
66,Margaret,Rice,mrice1t@scribd.com,Female,23.55.184.180
67,Stephen,Lopez,slopez1u@topsy.com,Male,23.137.68.140
68,Janet,Myers,jmyers1v@marketwatch.com,Female,192.149.225.127
69,Susan,Chapman,schapman1w@acquirethisname.com,Female,209.141.47.57
70,Janice,Barnes,jbarnes1x@list-manage.com,Female,28.13.85.149
71,Debra,Nguyen,dnguyen1y@baidu.com,Female,236.44.156.26
72,Norma,Mcdonald,nmcdonald1z@instagram.com,Female,121.242.13.30
73,Raymond,Weaver,rweaver20@paginegialle.it,Male,102.253.143.64
74,Brandon,Lewis,blewis21@senate.gov,Male,247.192.107.194
75,Steve,Bailey,sbailey22@google.es,Male,24.9.242.69
76,Margaret,Garza,mgarza23@unesco.org,Female,77.159.146.185
77,Stephanie,Myers,smyers24@ibm.com,Female,215.215.111.82
78,Bobby,Ferguson,bferguson25@typepad.com,Male,26.239.26.44
79,Lawrence,Shaw,lshaw26@edublogs.org,Male,127.124.99.171
80,Stephanie,Johnston,sjohnston27@reuters.com,Female,160.5.5.81
81,Jose,Fernandez,jfernandez28@opera.com,Male,213.69.211.81
82,Bruce,King,bking29@devhub.com,Male,124.35.46.234
83,Richard,Owens,rowens2a@list-manage.com,Male,218.254.117.174
84,Tammy,Thomas,tthomas2b@ucoz.com,Female,65.241.127.19
85,Helen,White,hwhite2c@twitter.com,Female,164.234.10.11
86,Tammy,Wallace,twallace2d@dropbox.com,Female,57.249.226.160
87,Mildred,Hunter,mhunter2e@opera.com,Female,131.51.153.12
88,Jennifer,Stewart,jstewart2f@arizona.edu,Female,216.97.231.216
89,Lori,Owens,lowens2g@gnu.org,Female,8.130.102.169
90,Pamela,Carter,pcarter2h@dion.ne.jp,Female,185.221.186.171
91,Teresa,Cook,tcook2i@google.es,Female,95.211.234.149
92,Benjamin,Boyd,bboyd2j@nytimes.com,Male,47.109.121.29
93,Matthew,Harvey,mharvey2k@google.es,Male,155.251.248.141
94,Joseph,Willis,jwillis2l@angelfire.com,Male,51.182.148.11
95,Jose,Henderson,jhenderson2m@statcounter.com,Male,243.64.205.23
96,Lawrence,Gibson,lgibson2n@goo.ne.jp,Male,98.71.198.254
97,Stephanie,Watkins,swatkins2o@bravesites.com,Female,49.64.85.23
98,Martin,Gilbert,mgilbert2p@uiuc.edu,Male,156.50.87.10
99,Judy,Rice,jrice2q@dagondesign.com,Female,199.177.103.211
100,Wayne,Perry,wperry2r@xrea.com,Male,138.57.219.201
101,Gloria,Knight,gknight2s@nsw.gov.au,Female,121.84.202.120
102,Betty,Stephens,bstephens2t@answers.com,Female,198.228.42.16
103,Angela,Fowler,afowler2u@stanford.edu,Female,52.62.80.19
104,Joshua,Myers,jmyers2v@artisteer.com,Male,92.190.75.39
105,Nicole,Cunningham,ncunningham2w@1688.com,Female,87.66.21.171
106,Wayne,Stevens,wstevens2x@cafepress.com,Male,135.96.236.50
107,Rebecca,Reynolds,rreynolds2y@ibm.com,Female,164.37.186.18
108,Jessica,Taylor,jtaylor2z@1688.com,Female,240.92.104.77
109,Philip,Gilbert,pgilbert30@aol.com,Male,119.214.61.189
110,Angela,Adams,aadams31@wsj.com,Female,163.143.126.113
111,Betty,Watson,bwatson32@theatlantic.com,Female,98.85.240.66
112,Kevin,West,kwest33@reference.com,Male,131.114.242.185
113,Alan,Bradley,abradley34@wikipedia.org,Male,31.162.222.15
114,Randy,Fox,rfox35@bizjournals.com,Male,219.28.68.95
115,Christine,Murray,cmurray36@cafepress.com,Female,134.98.159.227
116,Alan,Peterson,apeterson37@nationalgeographic.com,Male,151.20.169.46
117,Jeffrey,Russell,jrussell38@blogs.com,Male,138.157.7.224
118,Scott,Bryant,sbryant39@patch.com,Male,18.178.157.102
119,Joyce,Johnston,jjohnston3a@mail.ru,Female,206.144.117.212
120,Earl,Snyder,esnyder3b@businessinsider.com,Male,193.139.99.1
121,Matthew,Matthews,mmatthews3c@auda.org.au,Male,192.157.236.226
122,Michael,Stewart,mstewart3d@wired.com,Male,233.68.93.39
123,Ronald,Garcia,rgarcia3e@huffingtonpost.com,Male,226.68.221.104
124,Albert,Oliver,aoliver3f@sun.com,Male,214.99.137.92
125,Martin,Daniels,mdaniels3g@prnewswire.com,Male,48.68.236.245
126,Jesse,Davis,jdavis3h@independent.co.uk,Male,49.103.204.203
127,Ernest,Cruz,ecruz3i@blogs.com,Male,47.74.242.234
128,Steve,Rice,srice3j@google.ca,Male,71.225.142.150
129,Susan,Freeman,sfreeman3k@scribd.com,Female,202.73.8.235
130,Melissa,Elliott,melliott3l@shinystat.com,Female,7.30.187.192
131,Robert,Wagner,rwagner3m@disqus.com,Male,187.159.149.69
132,Carl,Ellis,cellis3n@bbb.org,Male,48.162.148.203
133,Frances,Evans,fevans3o@prnewswire.com,Female,193.76.230.221
134,Timothy,Dixon,tdixon3p@nytimes.com,Male,208.181.237.101
135,Jerry,Brooks,jbrooks3q@slideshare.net,Male,22.148.99.45
136,Raymond,Murphy,rmurphy3r@symantec.com,Male,83.179.90.162
137,Patrick,Stone,pstone3s@angelfire.com,Male,31.170.241.110
138,Jose,Cook,jcook3t@cnet.com,Male,108.104.88.101
139,Joe,Bryant,jbryant3u@howstuffworks.com,Male,96.39.128.47
140,Carl,Holmes,cholmes3v@wix.com,Male,94.65.125.222
141,Anthony,Cook,acook3w@yahoo.com,Male,33.50.172.253
142,Theresa,Black,tblack3x@geocities.jp,Female,87.45.49.21
143,Ronald,Sanders,rsanders3y@upenn.edu,Male,123.20.149.251
144,Heather,Cole,hcole3z@ftc.gov,Female,224.98.105.66
145,Rachel,Bishop,rbishop40@jalbum.net,Female,169.142.237.136
146,Jane,Reed,jreed41@mashable.com,Female,152.228.45.103
147,Kathryn,Roberts,kroberts42@bloglines.com,Female,107.227.230.137
148,Cynthia,Powell,cpowell43@twitpic.com,Female,190.159.160.186
149,Eugene,Hansen,ehansen44@github.com,Male,87.230.100.4
150,Martha,Jones,mjones45@wix.com,Female,16.255.101.249
151,Sharon,Ryan,sryan46@phoca.cz,Female,12.225.179.99
152,Steve,Hernandez,shernandez47@cloudflare.com,Male,209.37.69.173
153,Anne,Hicks,ahicks48@utexas.edu,Female,212.147.209.247
154,Willie,Ford,wford49@vistaprint.com,Male,37.149.37.176
155,Terry,Andrews,tandrews4a@php.net,Male,218.124.121.135
156,Carl,Moore,cmoore4b@hp.com,Male,200.199.163.148
157,Tina,Carter,tcarter4c@ft.com,Female,240.226.32.6
158,Margaret,Rice,mrice4d@ehow.com,Female,60.137.177.0
159,Cheryl,Edwards,cedwards4e@mtv.com,Female,180.235.139.182
160,Ryan,Stanley,rstanley4f@reverbnation.com,Male,182.242.252.137
161,Fred,Hart,fhart4g@dagondesign.com,Male,102.71.75.162
162,Pamela,Harper,pharper4h@drupal.org,Female,190.133.168.75
163,Sean,Smith,ssmith4i@weather.com,Male,74.173.216.207
164,Raymond,Rodriguez,rrodriguez4j@cocolog-nifty.com,Male,56.84.124.205
165,Irene,Stone,istone4k@exblog.jp,Female,183.175.176.32
166,Donald,Harvey,dharvey4l@washington.edu,Male,10.65.87.167
167,Aaron,Morgan,amorgan4m@wix.com,Male,153.18.179.205
168,Frank,Wheeler,fwheeler4n@noaa.gov,Male,243.226.250.192
169,Lori,Welch,lwelch4o@hud.gov,Female,73.34.67.152
170,Nicole,Morales,nmorales4p@bbb.org,Female,169.18.188.71
171,Lois,Simpson,lsimpson4q@pen.io,Female,135.19.218.45
172,Walter,Wheeler,wwheeler4r@indiegogo.com,Male,128.182.80.161
173,Frank,Gordon,fgordon4s@hubpages.com,Male,166.152.177.98
174,Mary,Wagner,mwagner4t@google.com.hk,Female,247.163.89.189
175,Kelly,Hart,khart4u@privacy.gov.au,Female,53.182.221.211
176,Cheryl,Roberts,croberts4v@abc.net.au,Female,112.31.249.29
177,James,Lewis,jlewis4w@mayoclinic.com,Male,83.63.72.245
178,Bruce,Kim,bkim4x@drupal.org,Male,242.50.126.27
179,Laura,Turner,lturner4y@usnews.com,Female,130.97.228.253
180,Cynthia,Gonzales,cgonzales4z@acquirethisname.com,Female,31.251.255.161
181,Patrick,Wheeler,pwheeler50@ycombinator.com,Male,63.194.61.71
182,Heather,Owens,howens51@people.com.cn,Female,114.175.166.93
183,Rose,Reynolds,rreynolds52@reddit.com,Female,122.9.98.68
184,Jane,Long,jlong53@moonfruit.com,Female,88.145.196.64
185,Betty,Porter,bporter54@whitehouse.gov,Female,194.203.84.169
186,Andrew,Hart,ahart55@harvard.edu,Male,202.23.67.59
187,Howard,Fox,hfox56@toplist.cz,Male,20.153.206.169
188,Angela,Reid,areid57@stumbleupon.com,Female,234.91.75.71
189,Antonio,Gonzalez,agonzalez58@ucoz.com,Male,27.131.33.119
190,Betty,Welch,bwelch59@independent.co.uk,Female,128.49.43.105
191,Harry,Garza,hgarza5a@vinaora.com,Male,35.76.112.63
192,Ralph,Garcia,rgarcia5b@tamu.edu,Male,19.48.250.123
193,Judith,Ross,jross5c@washingtonpost.com,Female,12.148.224.104
194,Douglas,Powell,dpowell5d@mtv.com,Male,113.168.13.168
195,Stephen,Crawford,scrawford5e@free.fr,Male,190.111.112.133
196,Kathryn,Porter,kporter5f@youtu.be,Female,199.173.53.50
197,Kimberly,Anderson,kanderson5g@icq.com,Female,202.213.14.105
198,Kathy,Robinson,krobinson5h@eepurl.com,Female,70.209.113.224
199,Bruce,Collins,bcollins5i@jigsy.com,Male,197.250.9.190
200,Kelly,Ford,kford5j@google.es,Female,57.74.224.76
201,Jessica,Wilson,jwilson5k@i2i.jp,Female,242.113.59.7
202,Alice,Johnson,ajohnson5l@goodreads.com,Female,214.67.167.243
203,Phillip,Dean,pdean5m@furl.net,Male,161.199.19.117
204,Todd,James,tjames5n@is.gd,Male,141.126.180.186
205,Rebecca,Cunningham,rcunningham5o@opensource.org,Female,102.67.83.162
206,Barbara,Allen,ballen5p@gizmodo.com,Female,23.201.66.13
207,Harry,Hall,hhall5q@yahoo.com,Male,206.115.192.19
208,Antonio,Williams,awilliams5r@nifty.com,Male,156.112.70.183
209,Jacqueline,Walker,jwalker5s@typepad.com,Female,172.249.79.244
210,Betty,Hall,bhall5t@tinyurl.com,Female,141.23.58.195
211,Beverly,Hawkins,bhawkins5u@123-reg.co.uk,Female,110.85.59.241
212,Brenda,Griffin,bgriffin5v@dmoz.org,Female,39.202.195.223
213,Teresa,Frazier,tfrazier5w@mapquest.com,Female,160.165.145.130
214,Roger,Adams,radams5x@vimeo.com,Male,105.118.144.134
215,Martin,Marshall,mmarshall5y@census.gov,Male,42.209.74.234
216,Debra,Austin,daustin5z@biglobe.ne.jp,Female,253.199.149.168
217,Nicholas,Payne,npayne60@guardian.co.uk,Male,214.203.107.226
218,Sandra,Howell,showell61@1und1.de,Female,94.44.177.160
219,Sandra,Wheeler,swheeler62@livejournal.com,Female,115.104.165.0
220,Robin,Reynolds,rreynolds63@craigslist.org,Female,180.20.213.157
221,Jerry,Greene,jgreene64@google.com.au,Male,77.173.14.57
222,Barbara,Bryant,bbryant65@t-online.de,Female,149.127.136.232
223,Catherine,Williams,cwilliams66@dot.gov,Female,207.38.244.38
224,Raymond,Payne,rpayne67@seesaa.net,Male,92.251.43.137
225,Harold,Hansen,hhansen68@apache.org,Male,113.34.2.19
226,Nicole,Meyer,nmeyer69@csmonitor.com,Female,46.80.211.101
227,Joe,Ellis,jellis6a@latimes.com,Male,226.175.229.23
228,Kathryn,Ruiz,kruiz6b@infoseek.co.jp,Female,188.63.250.139
229,Joe,Castillo,jcastillo6c@cnet.com,Male,151.148.199.36
230,Amanda,Day,aday6d@hud.gov,Female,158.36.126.45
231,Jennifer,Stone,jstone6e@biblegateway.com,Female,237.245.0.74
232,Nancy,Williams,nwilliams6f@livejournal.com,Female,132.187.184.227
233,Billy,Rogers,brogers6g@themeforest.net,Male,77.82.188.12
234,Jerry,Howard,jhoward6h@phpbb.com,Male,131.10.47.234
235,Terry,Andrews,tandrews6i@imageshack.us,Male,181.121.218.108
236,Nicholas,Lawson,nlawson6j@comcast.net,Male,187.158.43.245
237,Mark,George,mgeorge6k@furl.net,Male,19.186.255.225
238,Phillip,Roberts,proberts6l@theglobeandmail.com,Male,220.3.8.82
239,Christopher,Andrews,candrews6m@kickstarter.com,Male,182.7.65.13
240,Juan,Montgomery,jmontgomery6n@vkontakte.ru,Male,50.175.182.16
241,Linda,Fernandez,lfernandez6o@people.com.cn,Female,144.222.47.183
242,Ernest,Larson,elarson6p@tripadvisor.com,Male,205.45.67.75
243,Eugene,Lewis,elewis6q@umn.edu,Male,251.77.10.100
244,Catherine,Ford,cford6r@cnbc.com,Female,71.112.114.167
245,Lori,Sullivan,lsullivan6s@g.co,Female,239.116.88.70
246,George,Arnold,garnold6t@hatena.ne.jp,Male,166.158.186.73
247,Keith,Rice,krice6u@scientificamerican.com,Male,197.8.50.181
248,Justin,Young,jyoung6v@parallels.com,Male,141.180.71.210
249,Bobby,Crawford,bcrawford6w@ustream.tv,Male,86.23.113.138
250,Kelly,Hill,khill6x@jiathis.com,Female,9.209.169.234
251,Judith,Owens,jowens6y@hatena.ne.jp,Female,108.245.16.142
252,Dorothy,Hunter,dhunter6z@slate.com,Female,246.222.39.36
253,George,Moreno,gmoreno70@bloglovin.com,Male,88.56.100.200
254,Rose,Webb,rwebb71@mayoclinic.com,Female,255.101.46.188
255,Wayne,Robertson,wrobertson72@independent.co.uk,Male,205.177.44.198
256,Lois,Williams,lwilliams73@jigsy.com,Female,147.207.51.57
257,Linda,Little,llittle74@shop-pro.jp,Female,16.108.195.197
258,Evelyn,Kim,ekim75@hibu.com,Female,147.244.71.106
259,Bonnie,Fernandez,bfernandez76@wordpress.com,Female,167.176.133.170
260,Tammy,Smith,tsmith77@hc360.com,Female,103.212.212.232
261,Nicole,Chapman,nchapman78@woothemes.com,Female,180.113.63.234
262,Annie,Cook,acook79@youtu.be,Female,95.212.23.248
263,John,Dunn,jdunn7a@e-recht24.de,Male,65.73.120.10
264,Michelle,Walker,mwalker7b@desdev.cn,Female,143.79.211.238
265,Harold,Harris,hharris7c@bluehost.com,Male,15.107.78.124
266,Ernest,Coleman,ecoleman7d@deliciousdays.com,Male,211.118.64.195
267,Frances,Campbell,fcampbell7e@oaic.gov.au,Female,8.64.168.52
268,Jeffrey,Smith,jsmith7f@themeforest.net,Male,235.17.164.193
269,Fred,Morrison,fmorrison7g@spotify.com,Male,152.134.21.14
270,Elizabeth,Gilbert,egilbert7h@behance.net,Female,214.93.7.208
271,Antonio,Shaw,ashaw7i@ow.ly,Male,102.77.189.8
272,Martha,Brooks,mbrooks7j@indiatimes.com,Female,156.123.137.117
273,Justin,Ferguson,jferguson7k@arstechnica.com,Male,161.140.215.103
274,Doris,Chapman,dchapman7l@mac.com,Female,40.187.22.87
275,Joseph,Bradley,jbradley7m@ask.com,Male,181.185.28.70
276,Frances,Gordon,fgordon7n@mac.com,Female,220.100.195.53
277,Alice,Duncan,aduncan7o@clickbank.net,Female,138.183.89.107
278,Arthur,Bailey,abailey7p@miitbeian.gov.cn,Male,45.248.53.39
279,Roger,Ruiz,rruiz7q@cargocollective.com,Male,38.175.103.68
280,Karen,Watson,kwatson7r@bravesites.com,Female,137.254.114.126
281,Todd,Rose,trose7s@go.com,Male,208.139.38.13
282,Patricia,Franklin,pfranklin7t@nydailynews.com,Female,45.24.191.92
283,Jonathan,Hawkins,jhawkins7u@hatena.ne.jp,Male,158.162.31.62
284,Adam,Gardner,agardner7v@yandex.ru,Male,195.0.70.69
285,Lawrence,Williamson,lwilliamson7w@hatena.ne.jp,Male,253.70.106.244
286,Kathy,Garcia,kgarcia7x@ted.com,Female,61.161.30.224
287,Paula,Berry,pberry7y@ca.gov,Female,117.168.208.88
288,Susan,Garrett,sgarrett7z@cafepress.com,Female,119.254.96.22
289,John,Hudson,jhudson80@noaa.gov,Male,190.173.241.210
290,Jeffrey,Reyes,jreyes81@hostgator.com,Male,98.227.191.234
291,Larry,Davis,ldavis82@51.la,Male,240.156.15.249
292,Jessica,Parker,jparker83@ameblo.jp,Female,99.19.204.51
293,Henry,Ross,hross84@ucsd.edu,Male,227.189.81.70
294,Helen,Reid,hreid85@walmart.com,Female,7.212.24.237
295,Jennifer,Burton,jburton86@zimbio.com,Female,80.229.221.238
296,Kathleen,Fowler,kfowler87@army.mil,Female,8.137.179.165
297,Lawrence,Hunter,lhunter88@dot.gov,Male,236.3.115.61
298,Beverly,Rice,brice89@seesaa.net,Female,0.236.121.150
299,Carl,Welch,cwelch8a@newsvine.com,Male,205.7.145.236
300,James,Bowman,jbowman8b@technorati.com,Male,174.153.207.24
301,Stephen,Freeman,sfreeman8c@behance.net,Male,198.250.193.146
302,Larry,Walker,lwalker8d@psu.edu,Male,187.204.125.188
303,Lois,Butler,lbutler8e@cbslocal.com,Female,172.146.49.99
304,Sean,Hernandez,shernandez8f@home.pl,Male,148.29.34.180
305,Rose,Allen,rallen8g@statcounter.com,Female,124.44.61.50
306,Kathryn,Peters,kpeters8h@github.io,Female,222.108.75.229
307,David,Burton,dburton8i@jimdo.com,Male,131.137.228.145
308,Shawn,Campbell,scampbell8j@columbia.edu,Male,67.7.205.221
309,Carolyn,Webb,cwebb8k@usda.gov,Female,106.208.206.250
310,Lillian,Cook,lcook8l@umn.edu,Female,160.12.92.161
311,Jack,Cook,jcook8m@marriott.com,Male,20.25.188.35
312,Evelyn,Lewis,elewis8n@thetimes.co.uk,Female,215.120.185.242
313,Deborah,Parker,dparker8o@stumbleupon.com,Female,32.204.25.232
314,William,Thompson,wthompson8p@mac.com,Male,198.176.213.108
315,Carol,Gibson,cgibson8q@mapy.cz,Female,114.138.15.241
316,Elizabeth,Carroll,ecarroll8r@comsenz.com,Female,228.55.2.147
317,Frank,Roberts,froberts8s@aboutads.info,Male,102.249.247.69
318,Justin,Sullivan,jsullivan8t@g.co,Male,0.203.164.158
319,Louise,Gray,lgray8u@uiuc.edu,Female,96.182.158.193
320,Richard,James,rjames8v@dion.ne.jp,Male,2.91.76.157
321,Doris,Sanders,dsanders8w@sciencedaily.com,Female,200.22.31.28
322,Gerald,Dixon,gdixon8x@paypal.com,Male,107.249.121.66
323,Edward,Roberts,eroberts8y@shinystat.com,Male,139.75.215.186
324,Denise,Hawkins,dhawkins8z@marriott.com,Female,234.73.184.86
325,Eugene,Owens,eowens90@xing.com,Male,86.83.114.105
326,Evelyn,Sanchez,esanchez91@nhs.uk,Female,120.237.212.242
327,Debra,Rice,drice92@sogou.com,Female,108.207.87.80
328,Joyce,Stone,jstone93@webeden.co.uk,Female,11.83.136.15
329,Lawrence,Alexander,lalexander94@behance.net,Male,201.69.244.219
330,Ruby,Roberts,rroberts95@sfgate.com,Female,234.208.241.103
331,Justin,Bell,jbell96@salon.com,Male,166.188.250.94
332,Todd,Day,tday97@nih.gov,Male,106.52.128.163
333,Lori,Holmes,lholmes98@nih.gov,Female,228.125.227.230
334,Antonio,Johnston,ajohnston99@senate.gov,Male,184.65.121.160
335,Kenneth,Welch,kwelch9a@ebay.co.uk,Male,212.241.180.242
336,Beverly,Adams,badams9b@aboutads.info,Female,134.110.244.203
337,Denise,Hawkins,dhawkins9c@sciencedaily.com,Female,210.39.141.97
338,Helen,Smith,hsmith9d@mlb.com,Female,4.40.122.119
339,Angela,James,ajames9e@vkontakte.ru,Female,68.101.19.138
340,Gerald,Stewart,gstewart9f@amazonaws.com,Male,140.24.252.223
341,David,Watkins,dwatkins9g@so-net.ne.jp,Male,69.44.4.72
342,Gloria,Hicks,ghicks9h@flavors.me,Female,46.52.135.34
343,Sean,Hill,shill9i@cocolog-nifty.com,Male,87.50.112.98
344,Karen,Brooks,kbrooks9j@umn.edu,Female,224.72.118.139
345,Annie,Harrison,aharrison9k@hud.gov,Female,205.52.227.181
346,Alan,Long,along9l@discovery.com,Male,13.181.251.68
347,Sara,Morris,smorris9m@prnewswire.com,Female,108.33.253.253
348,Timothy,Bryant,tbryant9n@house.gov,Male,77.223.29.178
349,Lillian,Young,lyoung9o@technorati.com,Female,118.27.122.102
350,Shirley,Sanders,ssanders9p@ft.com,Female,250.99.146.122
351,Harry,Bennett,hbennett9q@printfriendly.com,Male,217.188.101.233
352,Brian,Robinson,brobinson9r@shutterfly.com,Male,179.18.240.54
353,Clarence,Burton,cburton9s@elpais.com,Male,54.237.226.241
354,Marilyn,Lynch,mlynch9t@infoseek.co.jp,Female,174.149.188.10
355,Joshua,Mccoy,jmccoy9u@tinypic.com,Male,64.244.42.117
356,Frank,Moore,fmoore9v@macromedia.com,Male,178.50.133.92
357,Joan,Reyes,jreyes9w@theglobeandmail.com,Female,104.205.188.242
358,Lori,Burns,lburns9x@nhs.uk,Female,35.78.166.215
359,David,Simmons,dsimmons9y@stumbleupon.com,Male,34.197.78.67
360,Raymond,Olson,rolson9z@toplist.cz,Male,123.28.188.207
361,James,Edwards,jedwardsa0@linkedin.com,Male,186.224.229.173
362,Mark,Armstrong,marmstronga1@ifeng.com,Male,146.183.203.109
363,Harry,Sanchez,hsancheza2@ibm.com,Male,3.210.169.55
364,Kathy,Flores,kfloresa3@wikimedia.org,Female,254.160.206.130
365,Jerry,Young,jyounga4@nsw.gov.au,Male,64.189.5.110
366,Wayne,Grant,wgranta5@nyu.edu,Male,21.166.167.68
367,Matthew,Bishop,mbishopa6@g.co,Male,242.86.141.96
368,Angela,Boyd,aboyda7@sfgate.com,Female,1.219.75.133
369,Arthur,Lee,aleea8@youtube.com,Male,118.65.55.192
370,Teresa,Cook,tcooka9@va.gov,Female,39.180.44.123
371,Susan,King,skingaa@constantcontact.com,Female,127.112.163.180
372,David,Graham,dgrahamab@admin.ch,Male,230.194.70.213
373,Johnny,Fisher,jfisherac@dropbox.com,Male,200.7.88.125
374,Patrick,Ellis,pellisad@webeden.co.uk,Male,250.87.157.54
375,Jean,Tucker,jtuckerae@oaic.gov.au,Female,189.207.253.2
376,Diane,Rodriguez,drodriguezaf@webeden.co.uk,Female,204.239.89.176
377,Mary,Foster,mfosterag@reddit.com,Female,154.27.160.240
378,Deborah,Warren,dwarrenah@wikispaces.com,Female,17.75.87.79
379,Raymond,Harvey,rharveyai@wix.com,Male,57.255.105.244
380,Eugene,Mcdonald,emcdonaldaj@tmall.com,Male,166.93.75.175
381,Kathryn,Jacobs,kjacobsak@blogs.com,Female,186.173.198.31
382,Ruth,Gordon,rgordonal@psu.edu,Female,157.184.33.31
383,Nancy,Taylor,ntayloram@lycos.com,Female,130.26.241.161
384,Norma,Vasquez,nvasquezan@upenn.edu,Female,64.118.112.120
385,Nicholas,Sanchez,nsanchezao@unesco.org,Male,118.70.214.49
386,Judith,Little,jlittleap@oakley.com,Female,178.174.115.109
387,Annie,Greene,agreeneaq@trellian.com,Female,81.115.207.251
388,Susan,Wallace,swallacear@economist.com,Female,78.250.195.158
389,Beverly,Sanders,bsandersas@virginia.edu,Female,252.218.23.227
390,Helen,Chapman,hchapmanat@cdbaby.com,Female,68.255.2.139
391,Amanda,Harris,aharrisau@usatoday.com,Female,218.89.96.87
392,Nancy,Wells,nwellsav@gov.uk,Female,128.135.78.233
393,Rose,Gonzalez,rgonzalezaw@wordpress.org,Female,92.238.157.249
394,Kenneth,Ferguson,kfergusonax@mit.edu,Male,170.228.57.249
395,David,Willis,dwillisay@pen.io,Male,177.132.135.124
396,Gerald,Wood,gwoodaz@dyndns.org,Male,197.46.155.97
397,Antonio,Howard,ahowardb0@jiathis.com,Male,189.159.0.5
398,Jack,Harris,jharrisb1@fda.gov,Male,187.244.157.60
399,Patricia,Hughes,phughesb2@sun.com,Female,139.100.68.26
400,Bruce,Johnson,bjohnsonb3@addtoany.com,Male,107.200.42.153
401,Benjamin,Sullivan,bsullivanb4@wsj.com,Male,206.71.221.4
402,Raymond,Hunter,rhunterb5@newyorker.com,Male,223.162.165.112
403,Eugene,Fox,efoxb6@tiny.cc,Male,5.218.66.56
404,Joshua,Olson,jolsonb7@ucsd.edu,Male,117.65.45.80
405,Steven,Burns,sburnsb8@wp.com,Male,214.86.92.168
406,James,Burns,jburnsb9@upenn.edu,Male,110.192.206.37
407,Mark,Fowler,mfowlerba@plala.or.jp,Male,145.10.206.224
408,Todd,Lewis,tlewisbb@sohu.com,Male,72.245.62.226
409,Stephanie,Perkins,sperkinsbc@purevolume.com,Female,228.113.44.88
410,Terry,Scott,tscottbd@pagesperso-orange.fr,Male,68.4.45.214
411,John,Jordan,jjordanbe@artisteer.com,Male,216.73.82.126
412,Larry,Howell,lhowellbf@spiegel.de,Male,220.38.160.128
413,Richard,Greene,rgreenebg@cmu.edu,Male,95.223.69.188
414,Margaret,Anderson,mandersonbh@europa.eu,Female,185.237.167.66
415,Louise,Henderson,lhendersonbi@ed.gov,Female,35.69.224.137
416,Margaret,Johnston,mjohnstonbj@freewebs.com,Female,159.7.195.214
417,Christine,Moreno,cmorenobk@independent.co.uk,Female,141.60.48.61
418,Wayne,Rivera,wriverabl@independent.co.uk,Male,144.204.154.234
419,Ralph,Gordon,rgordonbm@a8.net,Male,229.69.133.34
420,Beverly,Hansen,bhansenbn@zimbio.com,Female,143.15.31.123
421,Pamela,Smith,psmithbo@nymag.com,Female,134.205.164.192
422,Judith,Clark,jclarkbp@imdb.com,Female,57.208.19.126
423,Gregory,Johnston,gjohnstonbq@ameblo.jp,Male,109.212.184.183
424,Shawn,Barnes,sbarnesbr@apple.com,Male,199.55.170.69
425,Betty,Williams,bwilliamsbs@desdev.cn,Female,246.43.114.205
426,Clarence,Walker,cwalkerbt@mayoclinic.com,Male,179.235.122.174
427,Alice,Howard,ahowardbu@clickbank.net,Female,227.228.235.128
428,Benjamin,Owens,bowensbv@hostgator.com,Male,14.183.54.186
429,Dorothy,Matthews,dmatthewsbw@columbia.edu,Female,253.74.47.69
430,Jacqueline,George,jgeorgebx@apache.org,Female,77.145.248.20
431,Helen,Green,hgreenby@quantcast.com,Female,150.176.239.36
432,Emily,Chavez,echavezbz@weebly.com,Female,56.79.175.162
433,Diane,Elliott,delliottc0@discuz.net,Female,217.56.178.211
434,Steven,Bishop,sbishopc1@bloomberg.com,Male,115.87.226.52
435,Louise,Martinez,lmartinezc2@businesswire.com,Female,100.124.67.56
436,Irene,Garza,igarzac3@nih.gov,Female,187.7.168.4
437,Debra,Stanley,dstanleyc4@infoseek.co.jp,Female,150.225.239.30
438,Amy,Lawson,alawsonc5@vistaprint.com,Female,45.158.20.240
439,Antonio,Snyder,asnyderc6@deviantart.com,Male,51.64.188.47
440,Christopher,Fox,cfoxc7@usnews.com,Male,168.57.56.56
441,Ryan,Dunn,rdunnc8@rediff.com,Male,157.245.228.36
442,Gloria,Ellis,gellisc9@chron.com,Female,234.77.190.94
443,Kenneth,Carr,kcarrca@oaic.gov.au,Male,172.176.83.51
444,Maria,Gardner,mgardnercb@accuweather.com,Female,161.56.137.84
445,Lois,Gardner,lgardnercc@toplist.cz,Female,60.164.37.50
446,Henry,Baker,hbakercd@marketwatch.com,Male,229.42.30.238
447,Johnny,Martinez,jmartinezce@google.com,Male,87.223.210.185
448,Debra,Holmes,dholmescf@java.com,Female,79.177.16.251
449,Carol,Reynolds,creynoldscg@cbsnews.com,Female,122.247.78.247
450,Martha,Perez,mperezch@princeton.edu,Female,55.160.190.253
451,David,Cooper,dcooperci@slideshare.net,Male,206.240.124.100
452,Jane,Gonzalez,jgonzalezcj@qq.com,Female,50.194.204.64
453,Jesse,Washington,jwashingtonck@hao123.com,Male,149.254.15.250
454,Diane,Reed,dreedcl@shareasale.com,Female,186.222.49.222
455,Andrew,Watkins,awatkinscm@constantcontact.com,Male,229.179.1.4
456,Fred,Oliver,folivercn@163.com,Male,188.91.155.15
457,David,Scott,dscottco@gizmodo.com,Male,5.168.26.99
458,Joan,Thomas,jthomascp@unicef.org,Female,200.120.210.221
459,Russell,Nelson,rnelsoncq@amazon.co.uk,Male,93.11.14.96
460,Brenda,Fisher,bfishercr@wiley.com,Female,69.108.233.225
461,Melissa,Wagner,mwagnercs@wordpress.com,Female,79.171.168.120
462,Sarah,Diaz,sdiazct@yelp.com,Female,159.60.220.110
463,Bruce,Bailey,bbaileycu@e-recht24.de,Male,131.82.40.166
464,Phyllis,Warren,pwarrencv@moonfruit.com,Female,72.194.79.63
465,Steve,Gibson,sgibsoncw@topsy.com,Male,198.163.115.146
466,Jonathan,Wood,jwoodcx@apache.org,Male,102.255.56.40
467,Keith,Rice,kricecy@ted.com,Male,85.115.180.230
468,Dorothy,Richardson,drichardsoncz@w3.org,Female,191.150.7.178
469,Carol,Hernandez,chernandezd0@intel.com,Female,113.240.192.58
470,Elizabeth,Reyes,ereyesd1@sina.com.cn,Female,180.235.196.5
471,Gregory,Wagner,gwagnerd2@fotki.com,Male,108.37.66.135
472,Edward,Cunningham,ecunninghamd3@hugedomains.com,Male,92.254.33.67
473,Jacqueline,Austin,jaustind4@ow.ly,Female,83.33.89.84
474,Phyllis,Fernandez,pfernandezd5@businesswire.com,Female,207.207.249.240
475,Christopher,Lopez,clopezd6@howstuffworks.com,Male,227.180.2.39
476,Bonnie,Harvey,bharveyd7@si.edu,Female,149.216.206.162
477,Roger,Powell,rpowelld8@amazon.co.uk,Male,130.149.182.169
478,Robert,Kim,rkimd9@hud.gov,Male,214.196.13.235
479,Linda,Stewart,lstewartda@harvard.edu,Female,213.97.142.191
480,Barbara,Jenkins,bjenkinsdb@nymag.com,Female,135.230.132.12
481,Anna,Perry,aperrydc@yahoo.com,Female,183.223.68.211
482,Phyllis,Coleman,pcolemandd@e-recht24.de,Female,107.249.255.43
483,Jean,Duncan,jduncande@npr.org,Female,202.59.218.120
484,Carolyn,Robinson,crobinsondf@dailymail.co.uk,Female,90.7.9.181
485,Wayne,Ray,wraydg@typepad.com,Male,50.214.29.241
486,Harry,Ruiz,hruizdh@netscape.com,Male,236.148.68.160
487,Gary,Mendoza,gmendozadi@theatlantic.com,Male,58.201.186.122
488,Bonnie,Martinez,bmartinezdj@printfriendly.com,Female,231.184.180.6
489,Jeremy,Duncan,jduncandk@sogou.com,Male,16.106.34.170
490,Jacqueline,Gibson,jgibsondl@whitehouse.gov,Female,196.152.114.25
491,Nancy,Flores,nfloresdm@bloomberg.com,Female,230.140.91.74
492,Johnny,Taylor,jtaylordn@wiley.com,Male,206.252.110.238
493,Laura,Washington,lwashingtondo@earthlink.net,Female,12.237.94.135
494,Russell,Coleman,rcolemandp@hostgator.com,Male,112.230.130.95
495,Jerry,Myers,jmyersdq@tinypic.com,Male,5.57.163.90
496,Scott,Coleman,scolemandr@blog.com,Male,47.24.30.200
497,Carlos,Diaz,cdiazds@istockphoto.com,Male,52.100.93.41
498,Christina,Dixon,cdixondt@github.com,Female,220.105.219.84
499,Jane,Mendoza,jmendozadu@barnesandnoble.com,Female,73.36.63.118
500,Bruce,Gutierrez,bgutierrezdv@gov.uk,Male,219.205.46.246
501,Wayne,Brooks,wbrooksdw@ovh.net,Male,172.183.8.44
502,Frank,Harrison,fharrisondx@bloglovin.com,Male,234.53.251.54
503,Jessica,Dunn,jdunndy@cam.ac.uk,Female,52.252.181.49
504,Shirley,Hart,shartdz@google.com.au,Female,52.180.247.218
505,Julia,Scott,jscotte0@google.com.au,Female,138.181.62.49
506,Kathleen,King,kkinge1@elpais.com,Female,245.71.9.0
507,Carlos,Gonzalez,cgonzaleze2@pinterest.com,Male,130.10.176.152
508,Ashley,Garza,agarzae3@ihg.com,Female,224.199.36.142
509,Jane,Fisher,jfishere4@imdb.com,Female,111.188.206.12
510,Robert,Hill,rhille5@newsvine.com,Male,87.131.255.124
511,Lawrence,Montgomery,lmontgomerye6@irs.gov,Male,219.245.142.221
512,Donald,Scott,dscotte7@myspace.com,Male,218.153.177.114
513,Sandra,Gray,sgraye8@cnet.com,Female,216.58.119.208
514,Kimberly,Crawford,kcrawforde9@netvibes.com,Female,126.255.93.100
515,Antonio,Jenkins,ajenkinsea@ox.ac.uk,Male,107.195.187.145
516,Carlos,Adams,cadamseb@japanpost.jp,Male,203.82.157.166
517,Virginia,Hamilton,vhamiltonec@usda.gov,Female,48.43.6.188
518,Christina,Griffin,cgriffined@feedburner.com,Female,235.20.74.122
519,David,Carter,dcarteree@linkedin.com,Male,179.220.96.51
520,Peter,Coleman,pcolemanef@prnewswire.com,Male,17.169.144.200
521,Sara,Clark,sclarkeg@bizjournals.com,Female,95.202.175.193
522,Lori,Jenkins,ljenkinseh@shareasale.com,Female,18.206.250.124
523,Beverly,Hunt,bhuntei@state.gov,Female,38.130.156.63
524,Julie,Garcia,jgarciaej@harvard.edu,Female,121.81.213.188
525,David,Jones,djonesek@oaic.gov.au,Male,36.39.116.114
526,Elizabeth,Ramirez,eramirezel@pen.io,Female,12.36.32.15
527,Beverly,Ford,bfordem@flavors.me,Female,33.132.15.112
528,Amanda,Kelley,akelleyen@si.edu,Female,168.127.35.104
529,Brian,Hernandez,bhernandezeo@usgs.gov,Male,86.204.233.59
530,Charles,Oliver,coliverep@economist.com,Male,223.103.168.123
531,Heather,Schmidt,hschmidteq@behance.net,Female,214.74.129.9
532,Fred,Hanson,fhansoner@163.com,Male,166.51.154.152
533,Gerald,Brooks,gbrookses@networksolutions.com,Male,218.2.89.218
534,Nancy,Wheeler,nwheeleret@yellowpages.com,Female,224.182.30.131
535,Juan,Cruz,jcruzeu@state.gov,Male,15.208.154.154
536,Brandon,Payne,bpayneev@eepurl.com,Male,36.60.78.140
537,Rachel,Johnson,rjohnsonew@hatena.ne.jp,Female,109.85.98.12
538,Betty,Stevens,bstevensex@prlog.org,Female,138.244.224.131
539,Harold,Campbell,hcampbelley@mail.ru,Male,180.140.7.112
540,Willie,Dean,wdeanez@google.com.br,Male,166.104.157.203
541,Lisa,Wilson,lwilsonf0@geocities.jp,Female,207.33.226.104
542,Carolyn,Ross,crossf1@blogs.com,Female,78.85.163.9
543,Johnny,Allen,jallenf2@archive.org,Male,64.177.149.211
544,Craig,Alvarez,calvarezf3@sina.com.cn,Male,236.95.45.88
545,Jack,Marshall,jmarshallf4@cnn.com,Male,29.245.99.36
546,Betty,Henderson,bhendersonf5@weebly.com,Female,184.98.122.169
547,Ann,Graham,agrahamf6@nasa.gov,Female,215.52.225.216
548,Teresa,Nguyen,tnguyenf7@shutterfly.com,Female,182.148.106.124
549,Janet,Matthews,jmatthewsf8@liveinternet.ru,Female,192.181.26.160
550,Janice,Fields,jfieldsf9@dropbox.com,Female,156.206.40.40
551,Linda,Greene,lgreenefa@slate.com,Female,36.134.14.5
552,Johnny,Harris,jharrisfb@cyberchimps.com,Male,191.56.25.204
553,Timothy,Frazier,tfrazierfc@free.fr,Male,235.123.233.255
554,Linda,Hawkins,lhawkinsfd@deviantart.com,Female,237.104.147.8
555,Alan,Jacobs,ajacobsfe@homestead.com,Male,75.120.195.81
556,Christine,Bryant,cbryantff@blog.com,Female,247.134.255.51
557,Sara,Duncan,sduncanfg@acquirethisname.com,Female,199.142.90.176
558,Frank,Mason,fmasonfh@tripod.com,Male,80.153.87.28
559,Angela,Moore,amoorefi@accuweather.com,Female,76.178.72.14
560,Carol,Reyes,creyesfj@imdb.com,Female,109.90.193.45
561,Robert,Grant,rgrantfk@zdnet.com,Male,26.141.211.212
562,Fred,Cruz,fcruzfl@toplist.cz,Male,0.173.165.68
563,Ann,Howard,ahowardfm@yellowbook.com,Female,96.251.17.42
564,Willie,Bowman,wbowmanfn@telegraph.co.uk,Male,7.253.28.252
565,Clarence,King,ckingfo@youtu.be,Male,183.235.93.85
566,Julie,Bailey,jbaileyfp@ehow.com,Female,102.56.27.238
567,Jerry,Hawkins,jhawkinsfq@squidoo.com,Male,167.224.41.240
568,Jerry,Richardson,jrichardsonfr@twitpic.com,Male,85.155.54.193
569,Victor,Davis,vdavisfs@shutterfly.com,Male,100.97.66.113
570,Ryan,Flores,rfloresft@newyorker.com,Male,232.43.39.127
571,Adam,Mason,amasonfu@a8.net,Male,240.142.211.33
572,Ashley,Lee,aleefv@pcworld.com,Female,180.46.245.109
573,Janet,Anderson,jandersonfw@is.gd,Female,239.195.10.233
574,Lois,Hicks,lhicksfx@geocities.jp,Female,80.17.42.196
575,Nancy,Dunn,ndunnfy@google.com,Female,82.241.206.14
576,Albert,Butler,abutlerfz@pbs.org,Male,83.199.4.164
577,Daniel,Hunt,dhuntg0@gov.uk,Male,21.51.159.209
578,Margaret,Reed,mreedg1@upenn.edu,Female,203.132.125.78
579,Joyce,Stephens,jstephensg2@howstuffworks.com,Female,105.98.212.184
580,Heather,Scott,hscottg3@drupal.org,Female,19.163.243.119
581,Gloria,Gibson,ggibsong4@cloudflare.com,Female,18.248.12.219
582,Virginia,Mendoza,vmendozag5@ca.gov,Female,13.93.158.186
583,Marie,Payne,mpayneg6@dailymail.co.uk,Female,115.70.115.219
584,Irene,Warren,iwarreng7@tripod.com,Female,26.17.112.131
585,Jack,Murphy,jmurphyg8@mit.edu,Male,231.141.177.32
586,Shirley,Hansen,shanseng9@ucoz.ru,Female,199.71.107.97
587,Kathy,Oliver,koliverga@columbia.edu,Female,72.85.21.21
588,Nicholas,Roberts,nrobertsgb@nih.gov,Male,126.7.7.123
589,Sean,Stone,sstonegc@who.int,Male,230.134.241.109
590,Matthew,Moore,mmooregd@hibu.com,Male,134.195.162.148
591,Carolyn,Smith,csmithge@chicagotribune.com,Female,102.29.30.239
592,Robert,Fernandez,rfernandezgf@hibu.com,Male,157.178.253.212
593,Donna,Murphy,dmurphygg@edublogs.org,Female,231.237.244.217
594,Bonnie,Rivera,briveragh@bloglovin.com,Female,1.28.62.232
595,Kenneth,Gonzalez,kgonzalezgi@pcworld.com,Male,177.52.55.245
596,Lois,Greene,lgreenegj@google.es,Female,194.209.27.54
597,Henry,Alexander,halexandergk@xing.com,Male,233.190.81.169
598,Denise,Freeman,dfreemangl@pen.io,Female,184.255.8.96
599,Edward,Ortiz,eortizgm@symantec.com,Male,37.249.160.255
600,Virginia,Berry,vberrygn@whitehouse.gov,Female,53.173.203.19
601,Maria,Wilson,mwilsongo@reddit.com,Female,178.242.133.189
602,Harry,Black,hblackgp@elegantthemes.com,Male,181.100.95.4
603,Eugene,Alexander,ealexandergq@artisteer.com,Male,216.155.168.12
604,Teresa,Carroll,tcarrollgr@histats.com,Female,3.16.236.24
605,Arthur,Elliott,aelliottgs@narod.ru,Male,109.167.84.142
606,Doris,Riley,drileygt@blogs.com,Female,65.235.255.18
607,Elizabeth,Ruiz,eruizgu@so-net.ne.jp,Female,53.182.58.70
608,Martha,Edwards,medwardsgv@cloudflare.com,Female,2.254.29.87
609,Cynthia,Larson,clarsongw@businessinsider.com,Female,108.58.243.35
610,Arthur,Knight,aknightgx@wikia.com,Male,31.184.136.119
611,Joshua,Rogers,jrogersgy@google.cn,Male,160.217.156.73
612,Michael,Meyer,mmeyergz@istockphoto.com,Male,196.40.110.59
613,Matthew,Washington,mwashingtonh0@t.co,Male,127.68.184.53
614,Andrew,Stephens,astephensh1@timesonline.co.uk,Male,182.234.126.62
615,Philip,Black,pblackh2@csmonitor.com,Male,38.44.116.55
616,Christopher,Chapman,cchapmanh3@typepad.com,Male,38.213.45.38
617,Jimmy,Lopez,jlopezh4@wikispaces.com,Male,195.194.229.41
618,Mark,Rice,mriceh5@gravatar.com,Male,86.248.212.67
619,Shawn,Cunningham,scunninghamh6@trellian.com,Male,198.129.141.232
620,Johnny,Gray,jgrayh7@google.com,Male,157.61.152.162
621,Theresa,Hamilton,thamiltonh8@slideshare.net,Female,59.150.153.23
622,Joyce,Barnes,jbarnesh9@icio.us,Female,216.38.157.214
623,David,Gomez,dgomezha@aol.com,Male,189.83.233.74
624,Rachel,Carr,rcarrhb@usgs.gov,Female,2.141.89.211
625,Howard,Young,hyounghc@last.fm,Male,104.18.49.46
626,Patricia,Gonzalez,pgonzalezhd@wp.com,Female,132.39.46.22
627,Randy,Ortiz,rortizhe@google.nl,Male,195.166.180.76
628,Paul,Burns,pburnshf@patch.com,Male,239.80.84.27
629,Marie,Parker,mparkerhg@typepad.com,Female,48.195.210.171
630,Victor,Jordan,vjordanhh@ehow.com,Male,28.28.248.28
631,Howard,Bennett,hbennetthi@unblog.fr,Male,203.114.103.88
632,Matthew,Martinez,mmartinezhj@dailymail.co.uk,Male,247.3.25.45
633,Jimmy,Mitchell,jmitchellhk@wikispaces.com,Male,55.110.192.85
634,Tina,Crawford,tcrawfordhl@prlog.org,Female,99.201.199.196
635,Joseph,George,jgeorgehm@cloudflare.com,Male,113.199.207.6
636,Christina,Fuller,cfullerhn@liveinternet.ru,Female,241.214.37.235
637,Frances,Evans,fevansho@mtv.com,Female,185.72.140.92
638,Phyllis,Knight,pknighthp@godaddy.com,Female,197.227.25.100
639,Judith,Franklin,jfranklinhq@altervista.org,Female,23.201.184.117
640,Gregory,Thomas,gthomashr@illinois.edu,Male,118.34.65.202
641,Wayne,West,wwesths@techcrunch.com,Male,71.121.44.125
642,Beverly,Rogers,brogersht@ihg.com,Female,229.118.119.107
643,Scott,Williamson,swilliamsonhu@about.com,Male,232.110.223.22
644,Matthew,Brooks,mbrookshv@shutterfly.com,Male,189.21.37.191
645,Christina,Day,cdayhw@foxnews.com,Female,48.50.196.195
646,Nancy,Ramirez,nramirezhx@archive.org,Female,30.12.139.192
647,Julia,Burton,jburtonhy@cbsnews.com,Female,138.93.159.190
648,Lois,Garza,lgarzahz@symantec.com,Female,54.203.66.78
649,Jonathan,Martinez,jmartinezi0@yellowpages.com,Male,144.245.152.255
650,Theresa,Stephens,tstephensi1@wired.com,Female,217.29.137.252
651,Douglas,Garcia,dgarciai2@scribd.com,Male,24.42.163.59
652,Alan,Morris,amorrisi3@cnbc.com,Male,218.205.52.194
653,Carolyn,Butler,cbutleri4@edublogs.org,Female,209.224.111.206
654,Linda,Stevens,lstevensi5@51.la,Female,164.34.23.177
655,Helen,Hanson,hhansoni6@topsy.com,Female,219.33.247.249
656,Jonathan,Gordon,jgordoni7@hao123.com,Male,219.29.189.140
657,Paul,Meyer,pmeyeri8@usnews.com,Male,27.155.179.120
658,Adam,Gutierrez,agutierrezi9@baidu.com,Male,126.81.180.243
659,Norma,Gonzalez,ngonzalezia@a8.net,Female,137.214.50.196
660,Louise,Evans,levansib@cdbaby.com,Female,248.6.69.27
661,Bonnie,Kelly,bkellyic@soundcloud.com,Female,49.187.197.90
662,Janice,Baker,jbakerid@nytimes.com,Female,34.100.186.149
663,Annie,Fields,afieldsie@cocolog-nifty.com,Female,144.108.85.60
664,Angela,Wallace,awallaceif@angelfire.com,Female,40.160.135.37
665,Dennis,Ford,dfordig@statcounter.com,Male,107.163.70.94
666,Shirley,Freeman,sfreemanih@deviantart.com,Female,90.59.223.74
667,Keith,Scott,kscottii@umich.edu,Male,119.1.17.216
668,Christopher,Burns,cburnsij@walmart.com,Male,72.240.131.117
669,Cheryl,Hamilton,chamiltonik@photobucket.com,Female,29.33.226.16
670,Carl,Ferguson,cfergusonil@indiatimes.com,Male,234.246.18.81
671,Katherine,Ellis,kellisim@independent.co.uk,Female,22.226.40.242
672,Andrew,Jones,ajonesin@usgs.gov,Male,132.160.54.234
673,Adam,Ryan,aryanio@t.co,Male,111.169.69.57
674,Cheryl,Snyder,csnyderip@weather.com,Female,219.17.12.102
675,Keith,Armstrong,karmstrongiq@4shared.com,Male,87.8.195.165
676,Steve,Harris,sharrisir@ocn.ne.jp,Male,17.201.206.71
677,Alice,Mason,amasonis@yelp.com,Female,203.169.251.155
678,Daniel,Reyes,dreyesit@marriott.com,Male,239.7.53.64
679,Benjamin,Peters,bpetersiu@geocities.com,Male,205.134.93.94
680,Jane,Fox,jfoxiv@liveinternet.ru,Female,153.174.34.85
681,Gary,Phillips,gphillipsiw@youtu.be,Male,42.238.242.156
682,Amanda,Washington,awashingtonix@redcross.org,Female,144.207.12.140
683,Martha,Allen,malleniy@nih.gov,Female,28.224.75.229
684,Kimberly,Boyd,kboydiz@friendfeed.com,Female,233.157.70.101
685,Emily,Frazier,efrazierj0@mozilla.com,Female,183.90.187.243
686,Lori,Baker,lbakerj1@hexun.com,Female,71.142.222.5
687,Philip,Allen,pallenj2@deviantart.com,Male,75.6.135.66
688,Elizabeth,Greene,egreenej3@list-manage.com,Female,70.85.1.99
689,Mildred,Roberts,mrobertsj4@ox.ac.uk,Female,13.88.52.169
690,Margaret,Hayes,mhayesj5@pagesperso-orange.fr,Female,229.214.246.173
691,Bruce,Nguyen,bnguyenj6@fastcompany.com,Male,202.178.237.206
692,Sandra,Hill,shillj7@hp.com,Female,197.107.54.57
693,Irene,Green,igreenj8@opensource.org,Female,61.93.129.26
694,Marie,Williams,mwilliamsj9@phpbb.com,Female,212.32.184.216
695,Raymond,Berry,rberryja@nhs.uk,Male,119.170.178.209
696,Terry,Sanders,tsandersjb@google.de,Male,176.129.23.59
697,Scott,Gray,sgrayjc@dailymotion.com,Male,219.147.43.78
698,Ann,West,awestjd@jugem.jp,Female,91.223.30.15
699,Martha,Cunningham,mcunninghamje@lycos.com,Female,57.156.17.238
700,Russell,Perry,rperryjf@cnbc.com,Male,227.139.210.231
701,Gary,Hansen,ghansenjg@globo.com,Male,193.190.240.243
702,Eric,Meyer,emeyerjh@apple.com,Male,34.251.106.127
703,Beverly,Schmidt,bschmidtji@tinypic.com,Female,182.40.166.38
704,Virginia,Spencer,vspencerjj@reference.com,Female,187.186.221.120
705,Anna,George,ageorgejk@kickstarter.com,Female,56.214.239.136
706,Marie,Long,mlongjl@foxnews.com,Female,183.222.17.227
707,Kathleen,Harper,kharperjm@aol.com,Female,40.84.100.217
708,Denise,Green,dgreenjn@fda.gov,Female,20.191.112.147
709,Shawn,White,swhitejo@eepurl.com,Male,138.226.67.100
710,Timothy,Woods,twoodsjp@jigsy.com,Male,96.66.218.70
711,Arthur,Barnes,abarnesjq@admin.ch,Male,85.239.75.33
712,Jimmy,Hawkins,jhawkinsjr@bbc.co.uk,Male,135.68.87.155
713,Irene,Morris,imorrisjs@newsvine.com,Female,21.32.197.206
714,Joe,Jenkins,jjenkinsjt@imageshack.us,Male,55.189.176.213
715,Sara,Kelley,skelleyju@4shared.com,Female,28.31.155.71
716,Christopher,Roberts,crobertsjv@techcrunch.com,Male,86.190.96.52
717,Larry,Burns,lburnsjw@java.com,Male,144.202.214.4
718,Mary,Johnson,mjohnsonjx@com.com,Female,98.126.136.182
719,William,Jones,wjonesjy@home.pl,Male,31.81.72.238
720,Ruth,Sanders,rsandersjz@umich.edu,Female,115.239.1.160
721,Randy,Edwards,redwardsk0@posterous.com,Male,12.25.237.171
722,Daniel,Ramirez,dramirezk1@army.mil,Male,95.178.198.63
723,Scott,Anderson,sandersonk2@skype.com,Male,234.32.46.101
724,Amanda,Ramirez,aramirezk3@usnews.com,Female,178.199.197.16
725,Christopher,Owens,cowensk4@tamu.edu,Male,246.113.81.128
726,Lisa,Smith,lsmithk5@flavors.me,Female,66.30.0.117
727,Betty,Henderson,bhendersonk6@1und1.de,Female,140.8.158.223
728,Ruth,George,rgeorgek7@technorati.com,Female,3.144.19.157
729,Shirley,Hayes,shayesk8@ehow.com,Female,106.127.95.6
730,Heather,Moore,hmoorek9@edublogs.org,Female,63.102.41.96
731,Shawn,Campbell,scampbellka@delicious.com,Male,222.246.119.17
732,Steven,Sanchez,ssanchezkb@xrea.com,Male,78.161.119.129
733,Catherine,Baker,cbakerkc@google.de,Female,111.114.67.185
734,Louise,Nguyen,lnguyenkd@shop-pro.jp,Female,213.25.16.18
735,Patricia,Harris,pharriske@sitemeter.com,Female,196.47.11.99
736,Bobby,Robertson,brobertsonkf@berkeley.edu,Male,154.219.225.194
737,Angela,Sanders,asanderskg@domainmarket.com,Female,44.67.207.233
738,Julia,Stanley,jstanleykh@tinypic.com,Female,89.196.249.184
739,Janet,Gonzales,jgonzaleski@w3.org,Female,165.193.183.146
740,Christopher,Mason,cmasonkj@gizmodo.com,Male,181.39.204.99
741,Rachel,Matthews,rmatthewskk@uol.com.br,Female,101.251.200.177
742,Timothy,Ross,trosskl@blogspot.com,Male,28.188.193.23
743,Dennis,Hunter,dhunterkm@dell.com,Male,101.64.87.243
744,Stephen,Roberts,srobertskn@sakura.ne.jp,Male,68.172.209.141
745,Rebecca,Knight,rknightko@bizjournals.com,Female,16.98.124.67
746,Marilyn,Brown,mbrownkp@slashdot.org,Female,144.128.205.55
747,Arthur,Rodriguez,arodriguezkq@weibo.com,Male,219.217.245.105
748,Peter,Fernandez,pfernandezkr@adobe.com,Male,139.169.203.51
749,Russell,Evans,revansks@sciencedaily.com,Male,33.69.163.185
750,Johnny,Fowler,jfowlerkt@google.com.hk,Male,39.191.76.39
751,Kelly,Howell,khowellku@ca.gov,Female,198.119.111.225
752,Benjamin,Cooper,bcooperkv@bloglines.com,Male,236.23.91.87
753,Carolyn,Harvey,charveykw@vimeo.com,Female,206.82.190.71
754,Jason,Ellis,jelliskx@google.cn,Male,145.26.216.130
755,Fred,Banks,fbanksky@goo.gl,Male,38.232.208.205
756,Billy,Collins,bcollinskz@imageshack.us,Male,206.198.94.188
757,Irene,Ortiz,iortizl0@google.it,Female,75.242.99.252
758,Sara,White,swhitel1@dailymotion.com,Female,215.18.60.237
759,Anna,Russell,arusselll2@sun.com,Female,200.116.128.126
760,Daniel,Boyd,dboydl3@com.com,Male,152.124.11.154
761,Angela,Bryant,abryantl4@sciencedaily.com,Female,107.95.194.22
762,Marie,Fuller,mfullerl5@skype.com,Female,105.150.110.66
763,Randy,Thompson,rthompsonl6@dot.gov,Male,47.204.65.72
764,Clarence,Bennett,cbennettl7@artisteer.com,Male,98.219.100.185
765,Maria,Rose,mrosel8@cafepress.com,Female,196.154.123.124
766,Stephanie,Kelly,skellyl9@cmu.edu,Female,59.89.183.42
767,Aaron,Fisher,afisherla@nsw.gov.au,Male,216.70.123.184
768,Mildred,Reid,mreidlb@storify.com,Female,211.81.210.51
769,Sarah,Mason,smasonlc@oakley.com,Female,236.45.92.208
770,Jose,Burton,jburtonld@ning.com,Male,28.74.249.73
771,Roger,Stephens,rstephensle@whitehouse.gov,Male,135.198.27.199
772,Jonathan,Shaw,jshawlf@google.com.au,Male,112.40.65.237
773,Kelly,Sullivan,ksullivanlg@surveymonkey.com,Female,2.77.156.89
774,Theresa,Shaw,tshawlh@slashdot.org,Female,78.253.137.205
775,Jack,Gordon,jgordonli@independent.co.uk,Male,203.91.209.182
776,Jerry,Hunt,jhuntlj@friendfeed.com,Male,108.29.24.50
777,Lawrence,Carroll,lcarrolllk@sohu.com,Male,98.11.147.148
778,Kathy,Rodriguez,krodriguezll@umn.edu,Female,235.22.13.207
779,Roy,Long,rlonglm@usa.gov,Male,189.34.184.14
780,Ashley,Myers,amyersln@istockphoto.com,Female,141.217.44.190
781,Sara,Dunn,sdunnlo@soundcloud.com,Female,179.18.130.198
782,Donna,Lopez,dlopezlp@woothemes.com,Female,215.247.40.196
783,Ruth,Berry,rberrylq@epa.gov,Female,119.177.105.36
784,Marilyn,Rose,mroselr@jigsy.com,Female,226.234.190.48
785,Alan,Rogers,arogersls@dion.ne.jp,Male,3.244.254.33
786,Jason,Parker,jparkerlt@pen.io,Male,117.94.157.153
787,Wanda,Murphy,wmurphylu@wunderground.com,Female,25.124.240.0
788,Janice,Willis,jwillislv@newyorker.com,Female,164.17.166.168
789,Shawn,Lawrence,slawrencelw@uiuc.edu,Male,69.197.106.183
790,Lawrence,Ellis,lellislx@nymag.com,Male,247.97.61.15
791,Brian,Jordan,bjordanly@zdnet.com,Male,120.191.231.232
792,Frank,Stone,fstonelz@soundcloud.com,Male,100.248.47.28
793,Amy,Lawrence,alawrencem0@house.gov,Female,49.237.64.196
794,Thomas,Rose,trosem1@exblog.jp,Male,78.70.193.64
795,Jessica,Morales,jmoralesm2@dot.gov,Female,89.161.180.71
796,Denise,Perkins,dperkinsm3@census.gov,Female,7.138.192.118
797,Stephen,Black,sblackm4@usatoday.com,Male,41.87.43.112
798,Willie,Nichols,wnicholsm5@angelfire.com,Male,105.22.159.208
799,Melissa,Harrison,mharrisonm6@xinhuanet.com,Female,207.140.200.34
800,Janice,Watkins,jwatkinsm7@nymag.com,Female,3.34.93.236
801,Joshua,Murphy,jmurphym8@opera.com,Male,180.32.32.8
802,Earl,Dean,edeanm9@engadget.com,Male,211.112.7.42
803,Todd,Roberts,trobertsma@ovh.net,Male,147.204.173.215
804,Howard,Dixon,hdixonmb@xrea.com,Male,57.206.180.94
805,Barbara,Nelson,bnelsonmc@unicef.org,Female,16.105.165.8
806,Emily,Reyes,ereyesmd@prweb.com,Female,52.102.252.18
807,Elizabeth,Green,egreenme@latimes.com,Female,15.122.142.156
808,Andrea,Weaver,aweavermf@sciencedaily.com,Female,79.192.175.24
809,Carlos,Howell,chowellmg@moonfruit.com,Male,15.97.76.47
810,Timothy,Simmons,tsimmonsmh@storify.com,Male,200.239.249.167
811,Denise,Bell,dbellmi@fotki.com,Female,78.102.228.109
812,Ruth,Jones,rjonesmj@marriott.com,Female,99.68.77.67
813,Walter,Berry,wberrymk@skype.com,Male,247.233.32.154
814,Scott,Scott,sscottml@topsy.com,Male,133.187.89.126
815,Anthony,Perez,aperezmm@ameblo.jp,Male,160.179.141.204
816,Tammy,Martin,tmartinmn@imageshack.us,Female,56.204.10.195
817,Sharon,Russell,srussellmo@springer.com,Female,194.243.116.156
818,Fred,Hernandez,fhernandezmp@geocities.jp,Male,157.92.12.35
819,Lillian,Hanson,lhansonmq@zdnet.com,Female,56.115.137.233
820,Mary,Stephens,mstephensmr@wunderground.com,Female,229.109.177.149
821,Marilyn,Gilbert,mgilbertms@harvard.edu,Female,58.40.46.184
822,Cynthia,Gibson,cgibsonmt@theatlantic.com,Female,4.167.213.167
823,Martha,Daniels,mdanielsmu@unc.edu,Female,173.191.202.115
824,Ralph,Hicks,rhicksmv@ucoz.com,Male,179.84.152.107
825,Jane,Elliott,jelliottmw@vistaprint.com,Female,164.205.152.152
826,Margaret,Dixon,mdixonmx@seesaa.net,Female,53.228.237.218
827,Stephen,Shaw,sshawmy@parallels.com,Male,209.157.144.52
828,Ralph,Burke,rburkemz@jimdo.com,Male,48.168.143.151
829,Mildred,Watkins,mwatkinsn0@ft.com,Female,94.165.85.77
830,Alan,Campbell,acampbelln1@vkontakte.ru,Male,57.92.146.199
831,Tammy,Miller,tmillern2@simplemachines.org,Female,230.82.253.251
832,Roger,Andrews,randrewsn3@skype.com,Male,254.149.130.177
833,Carlos,Hawkins,chawkinsn4@wisc.edu,Male,109.177.184.123
834,Mildred,Hernandez,mhernandezn5@theguardian.com,Female,65.84.145.171
835,Bobby,Dean,bdeann6@yahoo.co.jp,Male,147.42.63.218
836,Tammy,Watson,twatsonn7@youku.com,Female,95.38.64.224
837,Lori,Knight,lknightn8@google.ca,Female,233.41.179.58
838,Jason,Owens,jowensn9@sakura.ne.jp,Male,243.185.61.242
839,Lillian,Powell,lpowellna@umn.edu,Female,197.110.3.72
840,Diane,Montgomery,dmontgomerynb@stanford.edu,Female,89.141.6.240
841,Clarence,Carter,ccarternc@cafepress.com,Male,71.126.29.8
842,Michelle,Collins,mcollinsnd@cnbc.com,Female,239.136.194.178
843,Judy,Day,jdayne@desdev.cn,Female,114.0.35.128
844,Roger,Castillo,rcastillonf@hubpages.com,Male,33.70.232.9
845,Albert,Sanchez,asanchezng@fc2.com,Male,198.72.242.20
846,Teresa,West,twestnh@so-net.ne.jp,Female,73.57.124.5
847,Sarah,Gardner,sgardnerni@europa.eu,Female,176.8.81.61
848,Elizabeth,Schmidt,eschmidtnj@dyndns.org,Female,144.90.173.199
849,Jane,Bailey,jbaileynk@skype.com,Female,50.123.48.75
850,Gregory,Edwards,gedwardsnl@phoca.cz,Male,195.144.222.193
851,Katherine,Butler,kbutlernm@arstechnica.com,Female,42.174.48.32
852,Rebecca,Welch,rwelchnn@newsvine.com,Female,46.31.117.236
853,Sharon,Morgan,smorganno@admin.ch,Female,101.140.249.143
854,Donald,Harris,dharrisnp@topsy.com,Male,246.145.60.83
855,Donald,Carter,dcarternq@sbwire.com,Male,185.85.237.128
856,George,Peters,gpetersnr@google.co.jp,Male,146.196.27.105
857,Sara,Cooper,scooperns@tuttocitta.it,Female,37.216.201.115
858,Ronald,Daniels,rdanielsnt@goo.ne.jp,Male,21.8.204.204
859,Earl,Lawson,elawsonnu@pinterest.com,Male,224.166.83.197
860,Jeremy,Mason,jmasonnv@indiatimes.com,Male,35.41.99.123
861,Amanda,James,ajamesnw@taobao.com,Female,126.244.61.96
862,Justin,Thomas,jthomasnx@people.com.cn,Male,154.123.174.0
863,Karen,Nichols,knicholsny@reddit.com,Female,148.148.95.117
864,Mark,Vasquez,mvasqueznz@vistaprint.com,Male,128.22.124.228
865,Matthew,Patterson,mpattersono0@wufoo.com,Male,224.33.229.93
866,Stephanie,Lee,sleeo1@google.cn,Female,55.192.54.1
867,Jessica,Shaw,jshawo2@webeden.co.uk,Female,71.138.247.237
868,Phyllis,Ramos,pramoso3@feedburner.com,Female,29.241.228.8
869,Victor,Nelson,vnelsono4@nydailynews.com,Male,151.185.158.2
870,Jeffrey,Ray,jrayo5@tripod.com,Male,60.205.112.211
871,Cynthia,Harvey,charveyo6@dropbox.com,Female,73.253.48.16
872,Patricia,Reyes,preyeso7@google.co.jp,Female,171.2.56.166
873,Phyllis,Medina,pmedinao8@t-online.de,Female,135.245.194.2
874,Barbara,Stone,bstoneo9@techcrunch.com,Female,158.14.82.14
875,Nancy,Matthews,nmatthewsoa@marketwatch.com,Female,198.196.193.100
876,Marilyn,Young,myoungob@shareasale.com,Female,221.248.247.99
877,Evelyn,Kelly,ekellyoc@weather.com,Female,183.12.238.160
878,Peter,Freeman,pfreemanod@tinypic.com,Male,132.146.64.69
879,Annie,Perez,aperezoe@feedburner.com,Female,121.38.151.124
880,Christine,Alvarez,calvarezof@baidu.com,Female,23.226.203.73
881,Bonnie,Chavez,bchavezog@woothemes.com,Female,48.220.92.108
882,Louis,Scott,lscottoh@who.int,Male,234.79.49.28
883,Phillip,Dean,pdeanoi@prweb.com,Male,70.66.87.52
884,George,Wood,gwoodoj@goodreads.com,Male,6.20.127.130
885,Ann,Lewis,alewisok@squidoo.com,Female,165.184.74.3
886,Richard,Shaw,rshawol@weebly.com,Male,83.44.79.114
887,Harry,Gardner,hgardnerom@discuz.net,Male,133.153.106.2
888,Jacqueline,Ferguson,jfergusonon@hc360.com,Female,177.37.172.52
889,Martha,Williams,mwilliamsoo@wikispaces.com,Female,17.172.235.106
890,Arthur,George,ageorgeop@geocities.jp,Male,141.141.186.188
891,Nancy,Kim,nkimoq@comcast.net,Female,68.95.34.14
892,Deborah,Johnston,djohnstonor@geocities.com,Female,77.85.57.120
893,Ruby,Johnson,rjohnsonos@state.tx.us,Female,158.151.227.148
894,Cynthia,Lane,claneot@storify.com,Female,87.119.174.19
895,Julia,Tucker,jtuckerou@hao123.com,Female,214.245.166.56
896,Mary,Ramos,mramosov@geocities.com,Female,50.102.171.34
897,Jessica,Washington,jwashingtonow@woothemes.com,Female,214.65.63.140
898,John,Ryan,jryanox@histats.com,Male,181.61.140.232
899,Diana,Russell,drusselloy@github.io,Female,176.62.36.66
900,Lisa,Cunningham,lcunninghamoz@storify.com,Female,231.183.166.197
901,William,Palmer,wpalmerp0@indiatimes.com,Male,177.202.208.166
902,Martha,Gomez,mgomezp1@gov.uk,Female,37.125.230.179
903,Maria,Hunter,mhunterp2@sciencedirect.com,Female,204.101.232.127
904,Ernest,Montgomery,emontgomeryp3@sfgate.com,Male,230.80.152.63
905,Cynthia,Stanley,cstanleyp4@wikimedia.org,Female,20.91.100.104
906,Diane,Murphy,dmurphyp5@1und1.de,Female,109.145.238.34
907,Catherine,White,cwhitep6@patch.com,Female,200.158.75.40
908,Angela,Riley,arileyp7@huffingtonpost.com,Female,118.237.247.87
909,Jane,Fuller,jfullerp8@cbsnews.com,Female,72.46.160.135
910,Janice,Hanson,jhansonp9@stanford.edu,Female,199.200.235.102
911,Susan,Marshall,smarshallpa@google.com.br,Female,135.49.175.80
912,Clarence,Williamson,cwilliamsonpb@uiuc.edu,Male,33.243.90.2
913,Elizabeth,Jordan,ejordanpc@twitpic.com,Female,182.127.21.195
914,Edward,Campbell,ecampbellpd@unicef.org,Male,3.255.127.216
915,Richard,Mendoza,rmendozape@usda.gov,Male,58.46.78.252
916,Harry,Lee,hleepf@acquirethisname.com,Male,167.108.124.12
917,Arthur,Foster,afosterpg@google.co.uk,Male,1.231.14.109
918,Julia,Marshall,jmarshallph@smh.com.au,Female,110.30.169.92
919,Eric,Harris,eharrispi@sitemeter.com,Male,94.172.110.0
920,Louis,Andrews,landrewspj@wikipedia.org,Male,185.104.114.118
921,Melissa,Henderson,mhendersonpk@time.com,Female,62.149.161.112
922,Rebecca,Thompson,rthompsonpl@google.com.au,Female,149.87.87.24
923,James,Riley,jrileypm@cbslocal.com,Male,246.2.253.192
924,Donna,Morales,dmoralespn@godaddy.com,Female,12.198.24.212
925,Larry,Berry,lberrypo@123-reg.co.uk,Male,229.183.250.58
926,Roger,Ramirez,rramirezpp@i2i.jp,Male,24.46.65.118
927,Ryan,Payne,rpaynepq@craigslist.org,Male,89.192.6.2
928,Tina,Marshall,tmarshallpr@squarespace.com,Female,243.104.87.108
929,Marie,Simmons,msimmonsps@wired.com,Female,22.142.181.191
930,Willie,Barnes,wbarnespt@simplemachines.org,Male,52.76.96.170
931,Ashley,Arnold,aarnoldpu@cocolog-nifty.com,Female,21.118.203.145
932,Keith,King,kkingpv@boston.com,Male,101.35.169.123
933,Tammy,Martinez,tmartinezpw@github.com,Female,31.153.86.73
934,Martha,Perkins,mperkinspx@theglobeandmail.com,Female,216.86.26.4
935,Katherine,Stevens,kstevenspy@apache.org,Female,20.112.121.204
936,Betty,Brown,bbrownpz@techcrunch.com,Female,120.31.85.194
937,Lois,Morrison,lmorrisonq0@paginegialle.it,Female,57.242.41.42
938,Phillip,Baker,pbakerq1@princeton.edu,Male,46.90.18.224
939,Shirley,Moreno,smorenoq2@loc.gov,Female,219.144.193.218
940,John,Kim,jkimq3@statcounter.com,Male,130.18.155.58
941,Sharon,Griffin,sgriffinq4@telegraph.co.uk,Female,189.116.12.126
942,Jennifer,Mitchell,jmitchellq5@mapy.cz,Female,49.160.243.93
943,Sharon,Peters,spetersq6@marketwatch.com,Female,102.220.81.226
944,Barbara,Porter,bporterq7@pagesperso-orange.fr,Female,39.82.11.201
945,Kenneth,Day,kdayq8@twitter.com,Male,57.45.50.23
946,Rachel,Torres,rtorresq9@surveymonkey.com,Female,226.197.233.88
947,Bonnie,Hughes,bhughesqa@unesco.org,Female,32.87.130.63
948,Donald,Jordan,djordanqb@php.net,Male,52.58.165.43
949,Martin,Alexander,malexanderqc@discuz.net,Male,38.84.148.95
950,Martin,Russell,mrussellqd@gov.uk,Male,229.119.82.39
951,Kelly,Armstrong,karmstrongqe@networkadvertising.org,Female,181.18.151.147
952,Lawrence,Burke,lburkeqf@time.com,Male,168.231.141.200
953,Heather,Martin,hmartinqg@qq.com,Female,198.40.152.115
954,Chris,Gutierrez,cgutierrezqh@mail.ru,Male,84.249.35.128
955,Michael,Thomas,mthomasqi@github.io,Male,163.246.173.0
956,Terry,Garza,tgarzaqj@google.com.br,Male,121.18.239.165
957,Helen,Roberts,hrobertsqk@pinterest.com,Female,121.225.209.35
958,Patrick,Moore,pmooreql@springer.com,Male,5.250.190.94
959,Scott,Simmons,ssimmonsqm@bigcartel.com,Male,173.190.111.147
960,Gloria,Lynch,glynchqn@pbs.org,Female,71.230.224.181
961,Norma,Wright,nwrightqo@istockphoto.com,Female,118.22.15.59
962,Bruce,Gomez,bgomezqp@pcworld.com,Male,178.236.177.216
963,Christina,Wells,cwellsqq@elpais.com,Female,172.5.119.110
964,Lisa,Young,lyoungqr@toplist.cz,Female,136.67.11.32
965,Irene,Olson,iolsonqs@wufoo.com,Female,40.248.39.104
966,Benjamin,Gomez,bgomezqt@gmpg.org,Male,105.124.160.166
967,Philip,Wells,pwellsqu@imgur.com,Male,237.50.192.160
968,Albert,Lee,aleeqv@google.com.br,Male,79.176.247.177
969,Teresa,Gonzalez,tgonzalezqw@desdev.cn,Female,89.88.211.229
970,Sara,Robinson,srobinsonqx@wikia.com,Female,135.144.191.232
971,Diana,Davis,ddavisqy@ibm.com,Female,94.254.185.101
972,Carolyn,Dunn,cdunnqz@chronoengine.com,Female,170.137.98.39
973,Evelyn,Brown,ebrownr0@wikispaces.com,Female,141.196.176.43
974,Robin,Graham,rgrahamr1@studiopress.com,Female,129.198.14.200
975,Robin,Hudson,rhudsonr2@google.com.br,Female,202.132.157.202
976,Phyllis,Morrison,pmorrisonr3@amazonaws.com,Female,130.159.140.130
977,Craig,Perry,cperryr4@virginia.edu,Male,219.240.6.205
978,Scott,Stephens,sstephensr5@imgur.com,Male,229.246.100.145
979,Paula,Jenkins,pjenkinsr6@com.com,Female,155.104.234.34
980,Eugene,Lee,eleer7@feedburner.com,Male,143.46.155.55
981,Bobby,Stevens,bstevensr8@mysql.com,Male,178.247.194.185
982,Thomas,Bryant,tbryantr9@disqus.com,Male,40.202.84.173
983,Paul,Daniels,pdanielsra@accuweather.com,Male,251.180.85.104
984,Jane,Webb,jwebbrb@forbes.com,Female,253.112.202.62
985,Gregory,Morrison,gmorrisonrc@shop-pro.jp,Male,167.128.61.236
986,Donna,Vasquez,dvasquezrd@usatoday.com,Female,173.114.235.61
987,Anne,Jackson,ajacksonre@slashdot.org,Female,137.114.153.147
988,Carlos,Ruiz,cruizrf@reverbnation.com,Male,165.175.74.245
989,Eugene,Rogers,erogersrg@bluehost.com,Male,43.145.13.47
990,Jennifer,Morris,jmorrisrh@delicious.com,Female,150.131.173.60
991,Christina,Cox,ccoxri@columbia.edu,Female,107.139.109.252
992,Stephanie,Burns,sburnsrj@unblog.fr,Female,189.190.59.66
993,Maria,Mason,mmasonrk@youtu.be,Female,8.66.19.211
994,Lawrence,Payne,lpaynerl@163.com,Male,7.78.40.144
995,Eric,Scott,escottrm@1688.com,Male,64.150.69.157
996,Deborah,Hart,dhartrn@fotki.com,Female,248.231.161.175
997,Frank,Nelson,fnelsonro@go.com,Male,208.174.121.43
998,Jimmy,Riley,jrileyrp@google.es,Male,38.164.224.141
999,Cynthia,Riley,crileyrq@squidoo.com,Female,41.81.117.139
1000,George,Hall,ghallrr@weather.com,Male,182.102.202.179
